sim_num,gMpl,gMpl_std,aplusb_b95,aplusb_b95_std,aplusb_k95,aplusb_k95_std,aplusb_150,aplusb_150_std,aplusb_220,aplusb_220_std,aplusb_b95ext,aplusb_b95ext_std,chisq
0,0.918,0.683,-0.337,0.19,0.002,0.242,-0.25,0.2,-0.306,0.262,-0.21,0.19,88.689
1,-0.185,0.695,0.019,0.202,0.061,0.25,0.123,0.2,0.195,0.257,0.08,0.194,63.144
2,-0.324,0.682,0.057,0.2,0.192,0.249,-0.111,0.202,0.119,0.265,0.026,0.192,83.253
3,-1.542,0.682,0.488,0.2,0.423,0.249,0.475,0.201,0.234,0.26,0.52,0.19,82.172
4,2.635,0.676,-0.798,0.204,-1.277,0.259,-0.949,0.197,-0.865,0.251,-0.79,0.195,78.185
5,0.016,0.672,0.055,0.189,-0.277,0.238,-0.004,0.202,0.151,0.257,0.066,0.193,74.671
6,2.362,0.673,-0.58,0.195,-0.704,0.246,-0.565,0.198,-0.612,0.255,-0.598,0.19,68.077
7,2.303,0.655,-0.572,0.191,-0.399,0.241,-0.768,0.193,-0.613,0.263,-0.598,0.187,117.128
8,0.793,0.677,-0.148,0.194,-0.51,0.241,-0.033,0.2,0.458,0.262,-0.179,0.19,86.876
9,0.216,0.665,-0.134,0.186,-0.332,0.248,-0.193,0.2,-0.621,0.265,-0.16,0.187,71.43
10,0.179,0.664,-0.107,0.196,0.305,0.248,0.046,0.197,-0.457,0.259,-0.083,0.19,68.928
11,0.574,0.67,-0.232,0.193,0.047,0.249,-0.013,0.196,-0.08,0.27,-0.213,0.187,70.594
12,-3.068,0.677,0.587,0.191,0.748,0.245,0.746,0.202,0.62,0.261,0.692,0.189,131.453
13,0.613,0.676,-0.235,0.192,-0.297,0.256,-0.368,0.197,0.473,0.258,-0.217,0.191,83.131
14,1.432,0.695,-0.427,0.194,-0.35,0.253,-0.582,0.202,-0.324,0.269,-0.425,0.195,53.623
15,-2.002,0.713,0.846,0.205,0.598,0.249,0.679,0.205,0.33,0.271,0.736,0.198,161.627
16,-0.55,0.657,0.299,0.193,0.306,0.245,0.145,0.193,0.347,0.257,0.33,0.182,47.86
17,-2.012,0.652,0.457,0.184,0.285,0.24,0.533,0.188,0.57,0.247,0.509,0.188,98.08
18,2.982,0.696,-0.646,0.203,-1.021,0.262,-0.707,0.204,-0.167,0.257,-0.665,0.194,90.253
19,1.149,0.698,-0.475,0.191,-0.123,0.255,-0.577,0.197,-0.031,0.26,-0.466,0.198,50.029
20,-0.838,0.697,0.464,0.198,0.692,0.259,0.374,0.209,0.039,0.268,0.345,0.193,57.74
21,1.201,0.651,-0.321,0.187,-0.625,0.244,-0.189,0.192,-0.039,0.255,-0.367,0.185,93.144
22,-0.261,0.677,0.025,0.196,0.466,0.255,0.03,0.196,0.004,0.266,0.065,0.19,93.231
23,1.091,0.717,-0.298,0.201,-0.685,0.258,-0.275,0.206,0.063,0.269,-0.231,0.202,85.311
24,1.897,0.687,-0.325,0.197,-0.213,0.261,-0.407,0.202,-0.808,0.257,-0.288,0.193,67.528
25,-1.857,0.639,0.362,0.178,0.4,0.246,0.401,0.195,0.13,0.249,0.346,0.177,104.708
26,-1.913,0.671,0.464,0.191,0.263,0.251,0.479,0.203,0.298,0.256,0.486,0.184,65.155
27,2.675,0.675,-0.701,0.196,-1.005,0.258,-0.896,0.204,-0.849,0.256,-0.71,0.188,55.152
28,-0.894,0.665,0.159,0.194,0.094,0.255,0.103,0.193,-0.305,0.257,0.182,0.182,90.983
29,-2.649,0.672,0.59,0.194,0.554,0.247,0.791,0.196,0.495,0.249,0.654,0.186,58.616
30,0.759,0.638,-0.101,0.185,-0.015,0.245,0.029,0.187,-0.147,0.245,-0.113,0.18,73.829
31,0.369,0.682,-0.152,0.19,-0.139,0.249,-0.232,0.197,-0.052,0.265,-0.143,0.192,55.45
32,1.556,0.606,-0.351,0.178,-0.455,0.242,-0.332,0.185,-0.499,0.236,-0.349,0.174,64.593
33,-1.706,0.718,0.412,0.202,0.173,0.264,0.364,0.213,0.49,0.275,0.367,0.203,61.316
34,0.991,0.644,-0.188,0.19,-0.201,0.251,-0.344,0.198,-0.11,0.257,-0.218,0.181,54.107
35,-2.071,0.667,0.397,0.191,0.775,0.236,0.494,0.195,0.294,0.266,0.455,0.189,58.902
36,0.088,0.675,-0.129,0.187,-0.078,0.239,-0.184,0.203,-0.154,0.261,-0.082,0.195,52.791
37,-0.051,0.662,0.024,0.195,-0.32,0.243,-0.018,0.185,0.005,0.234,-0.034,0.187,83.849
38,-0.793,0.711,0.06,0.201,0.312,0.257,0.122,0.211,-0.227,0.27,0.097,0.201,62.02
39,-0.739,0.663,0.282,0.192,0.101,0.242,0.192,0.192,0.301,0.262,0.28,0.185,75.597
40,-2.015,0.693,0.565,0.19,0.647,0.249,0.696,0.202,0.862,0.261,0.541,0.201,74.479
41,-2.016,0.655,0.456,0.186,0.704,0.251,0.378,0.196,0.516,0.242,0.412,0.189,69.4
42,-0.684,0.705,0.105,0.2,-0.04,0.258,-0.035,0.208,-0.02,0.259,0.127,0.2,85.154
43,1.801,0.658,-0.633,0.188,-0.866,0.25,-0.584,0.189,-0.956,0.264,-0.645,0.184,115.877
44,0.965,0.674,-0.082,0.193,-0.378,0.254,-0.059,0.199,0.198,0.268,-0.128,0.191,117.217
45,1.039,0.666,-0.166,0.195,-0.15,0.258,-0.174,0.195,-0.01,0.258,-0.181,0.189,58.524
46,-0.496,0.643,0.13,0.186,0.07,0.235,0.341,0.195,0.343,0.254,0.113,0.182,77.338
47,0.488,0.675,-0.144,0.196,-0.475,0.244,-0.1,0.2,0.306,0.254,-0.174,0.192,137.192
48,-0.466,0.691,-0.011,0.196,0.181,0.244,0.165,0.207,-0.077,0.276,0.02,0.193,70.144
49,-0.658,0.666,0.087,0.19,-0.212,0.244,0.19,0.197,0.399,0.258,0.135,0.186,104.543
50,-0.759,0.702,0.099,0.199,0.157,0.253,0.256,0.204,-0.312,0.268,0.072,0.2,66.287
51,-2.52,0.653,0.56,0.193,0.584,0.255,0.578,0.189,0.207,0.255,0.553,0.18,62.098
52,0.624,0.665,-0.241,0.184,-0.284,0.236,-0.128,0.195,-0.15,0.261,-0.24,0.186,64.257
53,-2.285,0.677,0.693,0.192,0.679,0.252,0.636,0.203,0.666,0.257,0.678,0.19,72.019
54,0.303,0.708,-0.085,0.2,-0.109,0.269,-0.254,0.209,-0.089,0.265,-0.117,0.199,62.018
55,-0.165,0.642,0.053,0.184,-0.096,0.247,-0.077,0.191,-0.102,0.242,0.077,0.184,57.135
56,-0.113,0.681,0.063,0.191,0.33,0.242,0.063,0.201,0.329,0.262,0.027,0.194,69.868
57,1.051,0.674,-0.313,0.193,-0.429,0.246,-0.467,0.2,-0.106,0.259,-0.302,0.188,56.565
58,-0.73,0.642,0.074,0.185,-0.007,0.23,0.143,0.192,-0.177,0.257,0.073,0.184,78.519
59,-0.044,0.679,-0.04,0.19,0.185,0.252,-0.139,0.201,0.068,0.269,0.014,0.189,64.878
60,0.582,0.676,-0.262,0.194,-0.478,0.251,0.011,0.205,-0.236,0.257,-0.191,0.184,78.009
61,2.406,0.686,-0.637,0.196,-0.547,0.256,-0.42,0.194,-0.41,0.267,-0.612,0.19,112.778
62,2.072,0.674,-0.548,0.191,-0.712,0.25,-0.53,0.202,-0.391,0.262,-0.481,0.189,52.572
63,-0.198,0.661,0.056,0.191,0.03,0.251,0.096,0.199,-0.241,0.261,0.046,0.184,107.503
64,0.805,0.714,-0.219,0.202,-0.394,0.248,-0.244,0.207,-0.45,0.263,-0.279,0.203,118.298
65,-0.734,0.643,0.084,0.183,0.19,0.243,0.076,0.189,0.079,0.239,0.077,0.177,80.899
66,1.561,0.684,-0.449,0.196,-0.333,0.254,-0.33,0.203,-0.496,0.266,-0.464,0.191,72.52
67,-1.805,0.708,0.578,0.199,0.512,0.247,0.623,0.209,1.01,0.271,0.493,0.2,91.796
68,-0.149,0.649,0.125,0.186,0.034,0.252,0.117,0.187,0.533,0.255,0.107,0.184,74.25
69,1.221,0.696,-0.092,0.195,-0.341,0.252,-0.236,0.208,-0.376,0.265,-0.161,0.193,79.072
70,2.108,0.671,-0.66,0.192,-1.016,0.254,-0.618,0.199,-0.03,0.256,-0.633,0.189,53.201
71,0.919,0.664,-0.12,0.189,-0.318,0.25,-0.066,0.195,-0.143,0.255,-0.176,0.183,79.243
72,-2.336,0.632,0.621,0.182,0.17,0.236,0.506,0.187,0.537,0.245,0.597,0.175,65.046
73,0.618,0.68,-0.102,0.195,-0.043,0.244,0.056,0.203,-0.164,0.256,-0.129,0.188,153.426
74,1.257,0.669,-0.524,0.19,-0.724,0.248,-0.469,0.193,-0.473,0.263,-0.476,0.188,64.095
75,0.947,0.672,-0.222,0.192,0.099,0.238,-0.242,0.201,-0.349,0.252,-0.235,0.187,85.545
76,1.27,0.698,-0.232,0.201,-0.129,0.251,-0.163,0.21,0.058,0.277,-0.172,0.198,67.137
77,0.543,0.668,0.002,0.193,-0.129,0.256,-0.023,0.191,0.147,0.254,-0.08,0.188,57.372
78,-0.91,0.729,0.322,0.205,0.423,0.257,0.341,0.212,0.516,0.27,0.335,0.201,75.964
79,2.858,0.649,-0.688,0.182,-0.616,0.237,-0.484,0.199,-0.61,0.248,-0.681,0.181,76.768
80,-2.339,0.678,0.756,0.199,1.265,0.257,0.698,0.2,1.17,0.272,0.746,0.189,67.978
81,1.417,0.677,-0.592,0.193,-0.584,0.244,-0.497,0.2,-0.512,0.254,-0.499,0.192,83.496
82,0.98,0.695,-0.103,0.189,-0.037,0.257,-0.253,0.201,0.153,0.263,-0.178,0.196,84.311
83,1.787,0.649,-0.539,0.19,-1.029,0.244,-0.432,0.189,-0.093,0.256,-0.515,0.184,82.882
84,-0.683,0.669,0.271,0.188,0.189,0.243,0.231,0.197,0.38,0.256,0.247,0.189,50.004
85,0.254,0.663,-0.044,0.19,0.1,0.239,0.037,0.195,-0.01,0.257,-0.086,0.19,101.551
86,0.416,0.703,-0.309,0.204,-0.543,0.244,-0.147,0.206,-0.051,0.264,-0.237,0.195,115.478
87,-0.002,0.714,0.061,0.203,0.17,0.259,0.076,0.21,0.003,0.259,0.085,0.198,72.293
88,1.355,0.67,-0.464,0.194,-0.632,0.247,-0.254,0.199,-0.354,0.248,-0.485,0.188,78.485
89,-0.154,0.646,0.028,0.185,-0.298,0.244,-0.107,0.191,-0.132,0.263,0.002,0.185,112.651
90,-0.762,0.682,0.234,0.2,0.572,0.25,0.165,0.201,-0.153,0.266,0.172,0.188,55.332
91,-0.106,0.628,0.054,0.179,0.305,0.247,0.04,0.188,-0.083,0.252,0.082,0.175,68.375
92,-1.557,0.686,0.634,0.193,0.246,0.251,0.267,0.197,0.509,0.268,0.576,0.196,64.567
93,1.375,0.674,-0.382,0.196,0.162,0.243,-0.382,0.199,-0.019,0.258,-0.435,0.189,66.014
94,1.871,0.649,-0.33,0.186,-0.434,0.235,-0.354,0.187,-0.644,0.251,-0.372,0.183,59.102
95,-1.036,0.637,0.33,0.182,-0.205,0.251,0.0,0.184,0.017,0.236,0.329,0.181,79.814
96,0.309,0.7,-0.064,0.203,-0.146,0.261,-0.139,0.211,-0.415,0.256,-0.01,0.198,75.847
97,1.311,0.731,-0.401,0.214,-0.731,0.272,-0.339,0.205,-0.381,0.274,-0.35,0.196,133.741
98,0.723,0.647,-0.131,0.186,-0.287,0.256,-0.059,0.196,0.345,0.253,-0.202,0.185,47.225
99,-0.75,0.686,0.246,0.201,0.086,0.235,0.261,0.202,0.518,0.266,0.216,0.192,82.446
100,-1.604,0.699,0.275,0.202,0.449,0.257,0.433,0.209,0.308,0.262,0.316,0.195,58.286
101,-0.276,0.724,-0.065,0.209,-0.527,0.27,0.047,0.215,0.168,0.279,-0.105,0.2,106.134
102,-0.558,0.695,0.211,0.201,0.572,0.255,0.139,0.202,0.11,0.255,0.149,0.2,123.753
103,1.169,0.682,-0.281,0.193,-0.546,0.253,-0.381,0.2,-0.457,0.258,-0.35,0.19,63.462
104,-1.213,0.685,0.304,0.194,0.412,0.254,0.155,0.202,0.561,0.264,0.325,0.196,87.59
105,0.789,0.686,-0.167,0.193,0.369,0.256,-0.361,0.207,-0.376,0.26,-0.146,0.191,43.584
106,3.332,0.684,-0.932,0.192,-0.866,0.262,-0.636,0.204,-0.747,0.266,-0.92,0.191,65.684
107,-0.898,0.692,0.167,0.201,0.185,0.258,0.098,0.208,0.312,0.257,0.155,0.192,97.535
108,-1.511,0.665,0.481,0.191,0.229,0.254,0.388,0.197,0.232,0.252,0.438,0.188,81.258
109,0.25,0.665,-0.159,0.189,-0.214,0.239,-0.105,0.196,-0.205,0.258,-0.168,0.186,97.696
110,0.408,0.711,-0.062,0.199,-0.011,0.247,-0.375,0.211,-0.395,0.267,-0.019,0.199,78.48
111,0.662,0.669,-0.276,0.198,-0.506,0.246,-0.268,0.192,-0.764,0.251,-0.263,0.189,102.228
112,2.051,0.667,-0.478,0.193,-0.388,0.238,-0.271,0.197,-0.235,0.256,-0.489,0.188,75.819
113,1.025,0.695,-0.18,0.201,0.232,0.25,-0.127,0.202,-0.3,0.263,-0.258,0.198,79.077
114,-1.614,0.643,0.413,0.179,0.608,0.24,0.438,0.186,0.481,0.261,0.473,0.178,87.964
115,2.821,0.687,-0.629,0.19,-0.787,0.253,-0.945,0.201,-0.697,0.263,-0.672,0.196,179.084
116,1.647,0.635,-0.457,0.189,-0.42,0.243,-0.28,0.19,-0.159,0.248,-0.504,0.181,56.737
117,-2.805,0.688,0.728,0.196,0.68,0.249,0.68,0.197,0.783,0.261,0.713,0.19,87.411
118,-1.718,0.683,0.59,0.196,0.847,0.254,0.679,0.205,0.791,0.268,0.558,0.187,71.533
119,-0.452,0.698,0.113,0.197,0.433,0.245,0.148,0.209,-0.191,0.268,0.132,0.199,67.504
120,0.385,0.674,-0.017,0.195,-0.094,0.257,0.013,0.215,0.005,0.271,-0.084,0.193,58.645
121,2.02,0.686,-0.458,0.191,-0.353,0.264,-0.585,0.205,-0.364,0.265,-0.456,0.191,75.874
122,2.394,0.643,-0.587,0.181,-0.805,0.243,-0.651,0.192,-1.245,0.247,-0.612,0.18,63.183
123,-0.769,0.642,0.225,0.185,0.248,0.24,0.237,0.188,0.135,0.26,0.206,0.178,71.776
124,0.942,0.643,-0.306,0.181,-0.155,0.251,-0.343,0.196,-0.273,0.254,-0.259,0.185,65.803
125,-0.993,0.668,0.247,0.186,0.421,0.249,0.187,0.193,0.288,0.268,0.285,0.189,71.762
126,-2.52,0.655,0.595,0.183,0.64,0.251,0.612,0.191,0.61,0.258,0.586,0.188,90.014
127,-0.029,0.698,-0.073,0.201,0.069,0.259,0.065,0.207,-0.571,0.269,0.019,0.193,76.712
128,0.878,0.649,-0.211,0.188,-0.374,0.239,-0.291,0.197,-0.185,0.252,-0.224,0.182,48.833
129,-1.239,0.698,0.295,0.192,-0.067,0.255,0.094,0.209,0.595,0.258,0.317,0.192,94.432
130,0.889,0.712,-0.155,0.204,0.09,0.266,-0.225,0.209,0.331,0.272,-0.168,0.196,47.616
131,0.877,0.695,-0.263,0.197,-0.559,0.242,-0.368,0.204,0.117,0.245,-0.269,0.192,76.015
132,2.953,0.667,-0.966,0.19,-0.766,0.252,-0.775,0.199,-0.63,0.26,-0.906,0.187,59.528
133,-2.129,0.711,0.614,0.201,0.178,0.236,0.573,0.203,0.103,0.259,0.57,0.205,83.301
134,0.041,0.733,0.106,0.205,0.527,0.27,0.023,0.216,0.374,0.275,0.09,0.207,69.466
135,2.704,0.68,-0.722,0.19,-0.848,0.246,-0.778,0.2,-0.418,0.253,-0.755,0.194,89.091
136,0.758,0.705,-0.092,0.197,-0.078,0.251,-0.118,0.209,-0.431,0.264,-0.12,0.196,64.576
137,1.771,0.697,-0.653,0.196,-0.546,0.254,-0.602,0.204,-0.557,0.26,-0.584,0.196,98.992
138,-1.682,0.696,0.417,0.202,0.682,0.254,0.326,0.203,0.46,0.261,0.43,0.195,28.52
139,0.501,0.651,-0.128,0.188,-0.227,0.248,0.077,0.19,0.068,0.245,-0.132,0.185,66.222
140,-0.314,0.628,0.079,0.178,0.606,0.243,0.146,0.189,-0.049,0.258,0.075,0.18,51.898
141,-1.28,0.693,0.275,0.196,0.192,0.241,0.278,0.208,0.447,0.26,0.3,0.197,43.892
142,-1.571,0.658,0.481,0.189,0.589,0.247,0.415,0.193,0.666,0.249,0.446,0.182,93.047
143,0.587,0.67,-0.158,0.193,0.072,0.253,-0.107,0.199,0.015,0.256,-0.216,0.189,58.024
144,0.424,0.694,-0.113,0.208,-0.469,0.255,-0.142,0.207,-0.354,0.253,-0.086,0.197,69.776
145,0.514,0.707,-0.064,0.198,-0.012,0.261,-0.168,0.209,0.063,0.26,-0.137,0.198,58.263
146,-1.353,0.702,0.276,0.203,0.447,0.258,0.169,0.199,0.07,0.263,0.322,0.192,78.562
147,-2.303,0.695,0.561,0.195,0.706,0.257,0.508,0.208,0.717,0.274,0.533,0.197,87.128
148,-1.698,0.653,0.318,0.19,0.579,0.247,0.35,0.19,0.093,0.259,0.349,0.181,73.602
149,0.966,0.656,-0.285,0.189,-0.124,0.252,-0.241,0.2,-0.148,0.25,-0.24,0.184,58.908
150,1.588,0.65,-0.48,0.188,-0.198,0.268,-0.539,0.189,-0.762,0.253,-0.494,0.185,42.275
151,2.152,0.685,-0.545,0.197,-0.294,0.255,-0.542,0.199,-0.651,0.26,-0.505,0.192,96.767
152,1.164,0.654,-0.308,0.185,-0.425,0.256,-0.17,0.201,-0.597,0.258,-0.189,0.185,167.457
153,1.611,0.687,-0.462,0.191,-0.681,0.249,-0.397,0.204,-0.355,0.265,-0.456,0.194,72.313
154,-0.574,0.7,0.312,0.195,0.398,0.244,0.212,0.208,0.145,0.281,0.29,0.195,55.151
155,-0.371,0.684,0.033,0.193,0.11,0.245,0.033,0.202,-0.141,0.26,0.004,0.191,57.777
156,3.17,0.641,-0.891,0.188,-0.647,0.241,-0.843,0.184,-0.806,0.261,-0.874,0.177,69.323
157,0.283,0.647,-0.035,0.19,0.024,0.232,-0.053,0.195,0.667,0.241,-0.042,0.185,124.127
158,-1.58,0.662,0.422,0.19,0.262,0.245,0.528,0.195,-0.018,0.25,0.416,0.187,76.059
159,-0.34,0.661,0.055,0.184,0.044,0.238,0.139,0.193,-0.464,0.254,0.126,0.191,100.565
160,-1.66,0.721,0.449,0.21,0.281,0.261,0.309,0.216,0.424,0.27,0.363,0.201,51.433
161,-0.819,0.668,0.182,0.19,0.171,0.252,0.187,0.197,0.419,0.254,0.239,0.19,67.533
162,-1.591,0.682,0.197,0.193,0.093,0.246,0.207,0.202,0.258,0.258,0.242,0.187,67.137
163,1.403,0.704,-0.452,0.199,-0.2,0.261,-0.563,0.208,-0.654,0.267,-0.428,0.197,66.583
164,0.384,0.669,-0.093,0.191,0.046,0.248,-0.035,0.192,0.473,0.258,-0.088,0.188,70.746
165,-1.353,0.667,0.3,0.194,0.913,0.246,0.281,0.192,0.329,0.242,0.339,0.183,64.912
166,-0.426,0.672,-0.001,0.198,0.286,0.247,0.088,0.193,0.25,0.265,-0.042,0.193,63.075
167,-1.526,0.693,0.56,0.192,0.68,0.254,0.408,0.207,0.666,0.263,0.555,0.195,95.396
168,-3.726,0.61,0.835,0.176,0.807,0.243,1.098,0.18,0.751,0.245,0.858,0.173,46.454
169,2.108,0.667,-0.721,0.195,-0.692,0.244,-0.836,0.197,-1.326,0.257,-0.662,0.187,75.861
170,-0.555,0.649,0.195,0.186,0.396,0.251,0.3,0.198,0.265,0.251,0.199,0.187,141.211
171,1.346,0.713,-0.224,0.203,-0.407,0.269,-0.326,0.216,0.242,0.275,-0.279,0.203,49.871
172,-2.394,0.637,0.683,0.181,0.675,0.239,0.574,0.19,0.545,0.254,0.579,0.178,99.307
173,-0.793,0.665,0.457,0.193,0.389,0.259,0.469,0.191,0.432,0.252,0.4,0.192,66.854
174,-0.644,0.657,0.314,0.189,0.278,0.25,0.315,0.191,0.212,0.259,0.27,0.184,99.732
175,-2.011,0.696,0.653,0.201,0.849,0.25,0.6,0.209,0.644,0.279,0.608,0.194,67.206
176,0.649,0.679,-0.21,0.187,-0.429,0.247,-0.034,0.201,0.261,0.263,-0.099,0.187,80.345
177,-1.259,0.679,0.354,0.199,0.508,0.25,0.545,0.202,0.393,0.251,0.361,0.192,59.626
178,0.357,0.709,-0.272,0.204,-0.137,0.254,0.054,0.206,-0.363,0.267,-0.293,0.198,60.507
179,0.484,0.665,-0.264,0.193,-0.629,0.234,-0.28,0.19,-0.179,0.256,-0.291,0.195,86.397
180,0.535,0.656,-0.08,0.19,-0.244,0.247,-0.252,0.198,0.273,0.259,-0.066,0.186,68.141
181,1.706,0.667,-0.51,0.193,-0.507,0.252,-0.602,0.202,-0.672,0.258,-0.482,0.185,104.118
182,-0.621,0.668,0.04,0.196,0.33,0.254,0.118,0.196,0.117,0.244,0.109,0.191,78.913
183,-1.355,0.712,-0.004,0.198,-0.162,0.266,0.138,0.2,0.103,0.265,0.095,0.203,66.621
184,-0.506,0.672,0.187,0.195,0.236,0.248,0.164,0.203,-0.1,0.252,0.181,0.188,81.941
185,2.739,0.694,-0.771,0.197,-1.284,0.246,-0.813,0.201,-0.859,0.265,-0.802,0.198,119.578
186,0.921,0.668,-0.348,0.192,0.131,0.251,-0.224,0.198,-0.1,0.251,-0.25,0.185,75.823
187,-0.358,0.686,0.217,0.195,0.265,0.246,0.121,0.198,0.274,0.275,0.132,0.193,52.856
188,1.748,0.701,-0.567,0.197,-0.501,0.262,-0.408,0.203,0.168,0.262,-0.538,0.197,43.208
189,0.711,0.693,-0.204,0.199,0.171,0.253,-0.087,0.205,0.125,0.264,-0.167,0.194,77.331
190,-0.438,0.686,0.034,0.196,-0.091,0.26,0.083,0.199,-0.22,0.268,0.012,0.198,91.56
191,-0.426,0.664,0.07,0.195,0.072,0.247,-0.022,0.189,0.072,0.263,0.11,0.188,111.49
192,0.48,0.667,-0.111,0.192,-0.17,0.244,-0.067,0.201,-0.258,0.255,-0.143,0.19,76.423
193,1.26,0.678,-0.303,0.198,0.265,0.251,-0.252,0.199,-0.008,0.267,-0.235,0.192,98.48
194,0.327,0.673,-0.261,0.193,-0.29,0.258,-0.222,0.19,-0.105,0.25,-0.219,0.192,70.259
195,-0.186,0.675,0.155,0.197,0.634,0.253,0.021,0.195,0.063,0.252,0.102,0.19,95.792
196,-0.082,0.701,-0.14,0.198,0.192,0.267,0.151,0.21,0.292,0.27,-0.085,0.197,47.845
197,-1.31,0.658,0.262,0.185,0.093,0.24,0.146,0.194,-0.318,0.248,0.346,0.187,70.954
198,-0.684,0.639,0.09,0.189,0.279,0.239,0.29,0.196,0.078,0.238,0.149,0.175,83.351
199,0.672,0.629,-0.181,0.182,-0.234,0.242,-0.191,0.193,-0.123,0.24,-0.185,0.176,117.372
200,1.383,0.723,-0.425,0.205,-0.476,0.254,-0.498,0.209,-0.072,0.275,-0.411,0.203,130.538
201,2.318,0.705,-0.412,0.201,-0.679,0.248,-0.422,0.204,-0.426,0.247,-0.484,0.194,92.507
202,1.032,0.661,-0.159,0.187,-0.043,0.263,-0.05,0.195,0.108,0.262,-0.269,0.19,101.018
203,-0.404,0.659,0.13,0.191,0.071,0.248,0.158,0.196,0.114,0.245,0.067,0.186,78.339
204,0.495,0.653,0.041,0.185,-0.478,0.246,0.017,0.192,-0.55,0.26,-0.033,0.187,85.811
205,-3.988,0.594,0.969,0.172,1.017,0.235,1.217,0.179,1.434,0.246,0.939,0.172,102.477
206,0.475,0.668,-0.124,0.191,-0.059,0.244,-0.118,0.199,0.32,0.251,-0.174,0.188,90.406
207,-0.331,0.68,0.395,0.192,0.142,0.251,-0.039,0.197,-0.098,0.263,0.339,0.191,116.241
208,0.838,0.642,-0.137,0.182,-0.22,0.248,-0.08,0.194,-0.366,0.247,-0.151,0.18,55.253
209,1.639,0.7,-0.397,0.197,-0.64,0.255,-0.301,0.207,-0.245,0.267,-0.416,0.194,50.529
210,0.291,0.683,0.016,0.198,0.23,0.254,0.041,0.203,0.145,0.261,0.045,0.189,115.576
211,-2.71,0.677,0.674,0.195,0.588,0.249,0.707,0.201,0.925,0.261,0.617,0.189,76.543
212,0.598,0.66,-0.034,0.191,-0.2,0.246,-0.105,0.19,0.178,0.252,-0.067,0.186,74.467
213,-0.685,0.638,0.358,0.186,0.102,0.238,0.398,0.187,0.475,0.251,0.297,0.181,73.218
214,-1.183,0.682,0.197,0.195,0.435,0.246,0.53,0.205,0.568,0.262,0.239,0.192,80.668
215,-1.93,0.71,0.543,0.197,0.659,0.228,0.519,0.214,0.511,0.256,0.512,0.198,54.66
216,0.833,0.704,-0.233,0.205,-0.401,0.254,-0.225,0.198,-0.246,0.264,-0.232,0.198,41.948
217,0.256,0.659,0.066,0.188,-0.177,0.265,0.064,0.194,0.174,0.263,0.008,0.188,65.237
218,3.163,0.697,-0.89,0.2,-0.963,0.245,-0.736,0.208,-0.554,0.269,-0.917,0.192,111.513
219,-0.286,0.665,0.138,0.189,-0.015,0.236,0.188,0.198,0.352,0.26,0.075,0.18,84.92
220,-1.846,0.66,0.524,0.184,0.553,0.241,0.542,0.199,0.212,0.263,0.486,0.188,103.42
221,2.499,0.639,-0.614,0.183,-0.806,0.25,-0.63,0.191,-0.905,0.238,-0.627,0.177,86.881
222,0.052,0.668,-0.118,0.189,0.317,0.249,-0.111,0.197,-0.245,0.253,-0.163,0.187,70.252
223,-0.77,0.704,0.379,0.2,0.54,0.263,0.388,0.208,0.101,0.26,0.316,0.2,61.309
224,-0.424,0.684,0.149,0.194,0.184,0.246,0.141,0.2,-0.086,0.257,0.028,0.194,56.068
225,-0.69,0.716,0.204,0.204,0.411,0.265,0.366,0.21,0.059,0.269,0.206,0.195,104.571
226,-0.121,0.719,0.07,0.206,0.286,0.24,0.004,0.207,0.305,0.263,0.093,0.207,57.846
227,0.83,0.672,-0.254,0.186,-0.147,0.259,-0.277,0.196,-0.376,0.251,-0.269,0.189,64.212
228,-0.098,0.686,-0.049,0.202,-0.244,0.236,-0.159,0.199,0.559,0.26,0.061,0.196,97.779
229,-1.942,0.687,0.478,0.197,0.253,0.257,0.527,0.203,0.586,0.253,0.536,0.19,111.729
230,0.925,0.685,-0.325,0.193,-0.299,0.238,-0.111,0.201,-0.245,0.26,-0.288,0.195,95.628
231,-1.63,0.655,0.43,0.186,0.33,0.239,0.402,0.197,0.447,0.254,0.363,0.184,63.467
232,2.052,0.631,-0.478,0.191,-0.2,0.241,-0.496,0.187,-0.812,0.244,-0.532,0.173,163.952
233,-0.986,0.657,0.245,0.19,0.248,0.237,0.257,0.196,0.599,0.248,0.196,0.181,44.96
234,-1.539,0.721,0.338,0.199,0.746,0.259,0.575,0.214,0.091,0.253,0.319,0.202,116.243
235,1.351,0.688,-0.51,0.191,-0.187,0.247,-0.604,0.206,-0.627,0.254,-0.466,0.191,109.397
236,2.108,0.655,-0.817,0.187,-0.483,0.242,-0.812,0.191,-0.479,0.251,-0.739,0.185,65.504
237,-0.122,0.683,0.087,0.201,0.069,0.248,0.003,0.195,-0.086,0.26,0.084,0.194,64.699
238,2.191,0.693,-0.861,0.198,-0.738,0.251,-0.687,0.206,-0.46,0.275,-0.775,0.193,49.242
239,-0.66,0.734,-0.036,0.21,0.538,0.273,0.2,0.212,-0.086,0.266,-0.029,0.206,119.215
240,-0.385,0.663,0.126,0.188,-0.131,0.25,0.097,0.197,0.09,0.262,0.125,0.189,89.748
241,0.115,0.69,-0.354,0.197,0.241,0.251,-0.125,0.203,-0.192,0.26,-0.272,0.195,142.219
242,-1.856,0.673,0.576,0.192,0.776,0.25,0.697,0.19,0.736,0.267,0.598,0.186,184.816
243,-1.97,0.669,0.696,0.192,0.239,0.251,0.625,0.198,0.589,0.263,0.62,0.191,80.135
244,0.205,0.665,-0.063,0.191,-0.029,0.233,-0.05,0.197,-0.264,0.262,0.02,0.185,71.303
245,0.83,0.684,-0.074,0.194,-0.052,0.255,-0.064,0.202,0.026,0.253,-0.103,0.193,57.312
246,2.859,0.693,-0.62,0.192,-0.831,0.257,-0.756,0.202,-0.459,0.277,-0.658,0.194,30.295
247,0.795,0.656,-0.153,0.184,-0.271,0.236,-0.276,0.19,-0.632,0.26,-0.216,0.185,69.982
248,-0.659,0.673,0.239,0.187,0.304,0.254,0.073,0.199,-0.081,0.255,0.208,0.19,84.687
249,2.917,0.694,-0.79,0.2,-0.612,0.25,-0.786,0.203,-0.992,0.264,-0.773,0.197,91.177
250,1.485,0.655,-0.417,0.185,-0.673,0.248,-0.585,0.187,-0.763,0.25,-0.483,0.181,69.225
251,0.465,0.726,-0.146,0.207,0.166,0.257,-0.051,0.214,0.115,0.269,-0.118,0.206,88.079
252,1.497,0.637,-0.409,0.185,-0.578,0.241,-0.392,0.193,-0.189,0.255,-0.426,0.183,54.958
253,1.814,0.695,-0.522,0.204,-0.271,0.236,-0.492,0.205,-0.448,0.274,-0.441,0.197,63.164
254,2.928,0.681,-0.9,0.195,-0.963,0.239,-0.763,0.197,-1.084,0.278,-0.832,0.195,114.288
255,0.242,0.711,-0.097,0.2,-0.05,0.256,0.056,0.208,0.242,0.259,-0.033,0.198,103.092
256,-0.412,0.662,0.18,0.188,0.064,0.245,0.12,0.196,-0.142,0.247,0.158,0.186,84.011
257,1.057,0.63,-0.252,0.184,-0.499,0.237,-0.247,0.187,-0.341,0.251,-0.197,0.175,76.457
258,-0.716,0.653,0.401,0.19,0.096,0.251,0.378,0.19,0.321,0.248,0.304,0.184,97.352
259,-1.942,0.682,0.557,0.189,0.277,0.25,0.47,0.202,0.736,0.265,0.573,0.188,69.361
260,0.424,0.674,-0.14,0.192,0.406,0.25,-0.031,0.201,-0.031,0.272,-0.175,0.189,56.292
261,0.268,0.659,-0.163,0.193,-0.33,0.238,-0.041,0.193,0.079,0.249,-0.173,0.182,46.288
262,-3.4,0.667,0.905,0.195,1.044,0.236,0.924,0.193,0.687,0.257,0.892,0.19,83.114
263,0.695,0.706,-0.063,0.199,-0.194,0.26,-0.087,0.21,-0.191,0.288,-0.127,0.194,57.231
264,1.03,0.72,-0.371,0.208,-0.742,0.258,-0.317,0.207,-0.44,0.264,-0.28,0.201,85.1
265,-1.585,0.696,0.459,0.191,0.4,0.264,0.477,0.203,0.386,0.27,0.419,0.197,85.834
266,1.117,0.687,-0.394,0.197,-0.319,0.237,-0.315,0.211,-0.355,0.26,-0.349,0.199,99.538
267,0.259,0.652,-0.027,0.191,0.01,0.244,0.058,0.192,-0.097,0.257,0.009,0.184,61.516
268,1.096,0.691,-0.246,0.196,-0.121,0.261,-0.179,0.205,-0.618,0.277,-0.209,0.195,48.456
269,3.819,0.606,-0.822,0.177,-0.987,0.23,-0.89,0.178,-0.769,0.247,-0.827,0.173,76.682
270,2.534,0.673,-0.607,0.19,-0.802,0.256,-0.606,0.198,-0.62,0.257,-0.582,0.19,102.141
271,-0.864,0.629,0.371,0.182,0.367,0.231,0.211,0.188,0.162,0.254,0.312,0.181,77.418
272,-0.191,0.622,-0.015,0.185,-0.059,0.229,0.098,0.188,-0.384,0.246,0.078,0.177,60.58
273,-0.071,0.662,-0.021,0.191,0.634,0.247,0.198,0.197,0.117,0.262,-0.002,0.188,63.081
274,1.098,0.678,-0.25,0.2,-0.815,0.263,-0.178,0.199,0.167,0.247,-0.252,0.193,44.175
275,-0.8,0.677,0.315,0.198,0.168,0.253,0.204,0.203,0.31,0.258,0.255,0.189,72.27
276,1.149,0.664,-0.285,0.186,-0.395,0.248,-0.266,0.195,-0.685,0.25,-0.286,0.188,93.986
277,-1.131,0.707,0.132,0.204,-0.138,0.253,0.255,0.211,0.353,0.262,0.158,0.198,62.099
278,-0.359,0.69,0.124,0.194,-0.08,0.257,0.118,0.206,-0.294,0.27,0.146,0.193,86.141
279,1.837,0.675,-0.388,0.194,-0.679,0.254,-0.332,0.198,-0.356,0.265,-0.413,0.193,54.67
280,-3.035,0.684,0.673,0.198,0.538,0.255,0.648,0.204,1.18,0.248,0.68,0.195,162.425
281,-0.987,0.699,0.224,0.203,0.614,0.262,0.095,0.203,0.567,0.246,0.247,0.196,80.727
282,1.759,0.666,-0.686,0.191,-0.401,0.245,-0.416,0.196,-0.798,0.255,-0.671,0.184,66.418
283,-1.189,0.679,0.398,0.192,0.496,0.242,0.357,0.2,0.211,0.26,0.387,0.187,43.603
284,-1.003,0.678,0.254,0.195,-0.068,0.258,0.14,0.194,-0.182,0.266,0.204,0.184,82.293
285,0.609,0.654,-0.25,0.193,0.103,0.241,-0.221,0.196,-0.032,0.253,-0.237,0.18,59.392
286,-2.97,0.676,0.85,0.191,0.694,0.25,0.803,0.198,0.663,0.258,0.888,0.187,80.919
287,0.007,0.658,0.078,0.198,0.098,0.23,0.01,0.194,-0.139,0.255,-0.03,0.191,129.896
288,1.517,0.656,-0.388,0.191,-0.589,0.248,-0.331,0.198,-0.359,0.263,-0.403,0.183,96.696
289,0.077,0.65,-0.062,0.19,-0.226,0.244,-0.091,0.193,-0.139,0.246,-0.015,0.176,72.662
290,1.901,0.69,-0.436,0.191,-0.413,0.246,-0.409,0.205,0.103,0.253,-0.473,0.193,42.445
291,1.322,0.699,-0.399,0.194,-0.443,0.252,-0.599,0.205,-1.077,0.263,-0.391,0.195,100.936
292,-0.468,0.665,0.125,0.191,0.46,0.264,-0.079,0.199,0.096,0.262,0.151,0.193,67.245
293,-4.486,0.396,1.188,0.132,0.947,0.2,1.111,0.137,1.304,0.217,1.14,0.119,70.583
294,-2.115,0.661,0.486,0.188,0.667,0.249,0.438,0.196,0.404,0.251,0.51,0.19,79.175
295,0.204,0.657,-0.152,0.187,-0.248,0.255,-0.141,0.191,0.107,0.255,-0.14,0.187,90.95
296,-1.222,0.684,0.28,0.189,0.513,0.263,0.162,0.201,0.135,0.277,0.217,0.191,105.416
297,2.833,0.695,-0.912,0.196,-0.928,0.252,-0.91,0.198,-0.771,0.274,-0.882,0.196,74.11
298,-0.076,0.678,0.118,0.199,0.227,0.256,0.053,0.204,0.364,0.261,0.105,0.191,85.121
299,-1.105,0.671,0.335,0.193,0.378,0.24,0.421,0.201,0.181,0.259,0.327,0.19,60.191
300,-1.341,0.679,0.204,0.194,0.14,0.245,0.145,0.195,0.103,0.253,0.261,0.188,49.708
301,-0.167,0.655,-0.021,0.182,0.03,0.231,-0.219,0.194,-0.419,0.249,-0.03,0.182,89.488
302,-1.188,0.674,0.299,0.197,0.685,0.257,0.086,0.196,-0.046,0.259,0.325,0.182,67.255
303,-0.314,0.724,0.08,0.2,-0.257,0.268,0.245,0.209,0.071,0.253,0.053,0.2,82.554
304,-0.473,0.656,0.05,0.184,0.107,0.242,0.092,0.194,-0.282,0.25,0.071,0.187,53.585
305,1.212,0.675,-0.386,0.193,-0.516,0.25,-0.326,0.201,0.143,0.256,-0.351,0.189,83.213
306,-0.754,0.676,0.229,0.197,0.19,0.244,0.315,0.202,0.178,0.261,0.21,0.19,72.122
307,0.947,0.678,-0.528,0.191,-0.547,0.261,-0.232,0.2,-0.477,0.249,-0.489,0.195,61.76
308,-0.947,0.683,0.251,0.202,-0.333,0.254,0.167,0.196,0.576,0.267,0.237,0.187,96.531
309,1.801,0.693,-0.575,0.199,-0.437,0.252,-0.626,0.199,-0.035,0.277,-0.52,0.195,88.311
310,-0.581,0.662,0.252,0.191,0.399,0.244,0.117,0.197,0.312,0.254,0.202,0.19,67.468
311,-0.157,0.705,-0.009,0.197,0.116,0.252,0.053,0.204,0.085,0.245,-0.078,0.197,44.891
312,0.351,0.651,-0.059,0.189,0.12,0.248,-0.048,0.187,0.038,0.262,-0.078,0.18,86.83
313,1.23,0.698,-0.379,0.198,-0.57,0.254,-0.292,0.202,0.047,0.267,-0.343,0.195,68.233
314,1.256,0.657,-0.389,0.193,-0.456,0.245,-0.348,0.194,-0.425,0.26,-0.345,0.19,84.004
315,-0.218,0.673,0.038,0.188,0.414,0.256,0.0,0.199,-0.245,0.253,0.031,0.187,94.666
316,-1.456,0.733,0.347,0.21,0.221,0.259,0.372,0.218,0.606,0.262,0.4,0.205,59.305
317,-0.01,0.684,0.237,0.196,-0.377,0.255,0.079,0.199,-0.262,0.263,0.228,0.194,106.013
318,1.205,0.718,-0.39,0.207,-0.387,0.263,-0.501,0.213,-0.178,0.259,-0.376,0.198,73.215
319,-2.247,0.679,0.644,0.191,0.399,0.245,0.796,0.196,0.643,0.256,0.687,0.19,58.596
320,1.934,0.674,-0.642,0.189,-0.829,0.246,-0.47,0.198,-0.576,0.252,-0.627,0.187,60.493
321,-0.913,0.704,0.193,0.2,-0.082,0.269,0.152,0.204,0.817,0.275,0.182,0.196,35.134
322,-0.285,0.684,0.017,0.197,-0.089,0.254,-0.065,0.2,0.175,0.239,0.036,0.193,68.826
323,1.167,0.67,-0.383,0.194,0.003,0.246,-0.236,0.195,-0.419,0.247,-0.4,0.187,89.728
324,-0.789,0.723,0.086,0.201,0.076,0.249,0.088,0.209,0.065,0.276,0.146,0.204,84.851
325,-1.166,0.686,0.169,0.198,0.693,0.252,0.267,0.197,0.317,0.264,0.212,0.197,96.947
326,1.957,0.662,-0.618,0.191,-0.729,0.242,-0.512,0.201,-0.738,0.271,-0.612,0.185,44.059
327,-0.382,0.74,-0.072,0.211,0.0,0.25,-0.048,0.208,0.373,0.269,-0.023,0.208,52.05
328,-0.073,0.664,0.12,0.195,-0.483,0.243,-0.084,0.192,-0.343,0.265,0.154,0.187,159.01
329,-0.759,0.666,0.18,0.187,0.169,0.24,0.099,0.197,0.679,0.245,0.13,0.189,97.653
330,1.116,0.684,-0.554,0.196,-0.264,0.251,-0.402,0.2,-0.634,0.256,-0.534,0.189,110.615
331,1.937,0.667,-0.799,0.193,-0.808,0.251,-0.622,0.196,-0.725,0.266,-0.741,0.189,120.236
332,-1.396,0.693,0.44,0.203,0.298,0.239,0.443,0.202,0.471,0.274,0.403,0.194,47.712
333,-1.693,0.665,0.603,0.192,0.498,0.253,0.338,0.198,0.303,0.245,0.513,0.192,93.115
334,-0.401,0.647,-0.044,0.189,0.219,0.247,0.017,0.194,0.059,0.263,-0.049,0.187,184.099
335,1.804,0.707,-0.414,0.202,-0.254,0.251,-0.525,0.211,-0.615,0.267,-0.397,0.196,93.307
336,2.067,0.68,-0.537,0.195,-0.931,0.249,-0.444,0.204,-0.352,0.26,-0.576,0.188,53.313
337,-0.562,0.723,0.259,0.205,-0.094,0.269,0.222,0.207,0.283,0.266,0.251,0.204,74.794
338,1.849,0.695,-0.577,0.193,-0.81,0.259,-0.761,0.202,-1.091,0.265,-0.572,0.195,82.459
339,1.63,0.651,-0.353,0.185,-0.207,0.25,-0.204,0.189,-0.345,0.25,-0.376,0.184,69.523
340,0.098,0.68,-0.03,0.19,0.285,0.24,0.145,0.203,0.243,0.268,-0.034,0.189,83.843
341,0.548,0.666,-0.105,0.187,-0.319,0.247,-0.113,0.194,-0.154,0.252,-0.101,0.179,49.477
342,0.272,0.653,-0.273,0.19,-0.096,0.254,0.015,0.193,0.004,0.251,-0.276,0.191,69.433
343,-0.907,0.671,0.286,0.188,0.375,0.251,0.314,0.199,0.412,0.263,0.249,0.188,170.106
344,-0.921,0.679,0.314,0.196,0.097,0.26,0.108,0.202,0.335,0.253,0.324,0.187,132.079
345,0.191,0.709,-0.189,0.202,-0.167,0.259,-0.043,0.213,-0.116,0.257,-0.192,0.199,46.29
346,-0.314,0.698,0.028,0.201,0.376,0.26,0.103,0.2,0.279,0.272,0.033,0.197,85.494
347,-0.357,0.66,0.025,0.197,0.429,0.254,0.006,0.202,0.288,0.244,0.023,0.189,68.411
348,1.278,0.658,-0.415,0.188,-0.328,0.244,-0.359,0.193,-0.372,0.251,-0.334,0.182,77.191
349,-3.754,0.622,1.079,0.18,1.212,0.239,0.991,0.182,0.823,0.249,1.021,0.174,88.661
350,-0.035,0.664,0.002,0.192,-0.712,0.256,-0.113,0.197,-0.053,0.256,0.002,0.184,78.487
351,-0.106,0.659,0.096,0.185,-0.071,0.246,-0.169,0.19,-0.014,0.263,0.131,0.18,51.116
352,-1.451,0.703,0.281,0.202,0.141,0.259,0.27,0.207,0.131,0.283,0.343,0.194,138.355
353,0.487,0.688,-0.236,0.196,-0.115,0.257,-0.103,0.202,0.063,0.254,-0.214,0.191,109.96
354,0.331,0.686,-0.16,0.199,0.445,0.257,-0.063,0.199,-0.043,0.251,-0.122,0.195,89.609
355,-1.852,0.684,0.396,0.194,0.278,0.253,0.401,0.202,0.064,0.261,0.437,0.191,87.604
356,-0.214,0.664,-0.095,0.19,-0.261,0.255,0.124,0.198,0.351,0.249,-0.041,0.187,85.65
357,0.984,0.702,-0.287,0.2,-0.234,0.257,-0.326,0.202,-0.114,0.27,-0.334,0.198,45.276
358,-0.356,0.68,0.142,0.197,-0.081,0.251,0.177,0.197,0.255,0.253,0.152,0.186,84.906
359,-1.124,0.651,0.232,0.191,0.252,0.259,0.299,0.197,0.433,0.253,0.282,0.185,60.352
360,-1.414,0.688,0.348,0.196,0.303,0.261,0.27,0.204,0.543,0.258,0.402,0.193,68.359
361,-1.939,0.652,0.461,0.191,0.075,0.237,0.458,0.195,0.825,0.235,0.487,0.186,51.804
362,-0.278,0.711,0.002,0.203,-0.12,0.268,-0.034,0.203,0.045,0.262,-0.007,0.201,94.95
363,-2.933,0.674,0.876,0.189,0.743,0.241,0.767,0.199,1.335,0.263,0.872,0.189,166.091
364,1.774,0.658,-0.589,0.191,-0.448,0.243,-0.691,0.189,-0.575,0.255,-0.561,0.186,99.855
365,-2.779,0.665,0.82,0.184,0.61,0.253,0.926,0.198,0.469,0.258,0.81,0.186,118.692
366,-0.537,0.656,0.282,0.187,-0.321,0.242,0.319,0.189,0.659,0.237,0.217,0.187,126.234
367,-0.344,0.69,0.048,0.196,-0.171,0.25,0.048,0.211,0.183,0.262,0.011,0.193,67.666
368,1.517,0.674,-0.406,0.189,-0.369,0.244,-0.348,0.202,-0.451,0.259,-0.46,0.193,66.436
369,0.421,0.644,0.085,0.189,0.297,0.24,-0.009,0.188,-0.121,0.262,-0.014,0.182,63.533
370,0.921,0.68,-0.085,0.199,-0.382,0.257,-0.199,0.197,-0.136,0.251,-0.052,0.192,121.504
371,-0.455,0.679,0.096,0.197,-0.138,0.252,0.093,0.197,-0.215,0.244,0.103,0.185,66.486
372,1.126,0.715,-0.324,0.206,-0.748,0.258,-0.294,0.208,-0.052,0.273,-0.316,0.203,67.731
373,0.219,0.671,-0.182,0.193,-0.155,0.249,-0.047,0.197,-0.21,0.252,-0.175,0.187,77.194
374,-3.514,0.611,0.913,0.17,1.028,0.241,1.068,0.177,1.034,0.23,0.929,0.176,86.729
375,-1.664,0.649,0.487,0.187,0.556,0.254,0.49,0.195,0.391,0.254,0.378,0.185,63.484
376,1.802,0.7,-0.411,0.201,-0.247,0.264,-0.408,0.201,0.101,0.271,-0.455,0.2,73.581
377,-1.928,0.665,0.356,0.195,0.43,0.251,0.529,0.195,0.448,0.254,0.395,0.19,107.011
378,-1.134,0.651,0.245,0.185,0.202,0.246,0.144,0.192,0.024,0.261,0.312,0.188,136.24
379,-0.272,0.621,0.219,0.178,0.313,0.24,0.299,0.184,0.647,0.251,0.133,0.181,40.248
380,4.103,0.54,-1.197,0.162,-1.184,0.228,-1.194,0.167,-1.109,0.242,-1.157,0.156,56.483
381,-1.248,0.704,0.262,0.203,0.55,0.24,0.201,0.2,0.223,0.265,0.361,0.195,64.56
382,0.04,0.681,-0.056,0.193,0.103,0.254,0.017,0.202,-0.285,0.263,-0.072,0.192,57.156
383,1.301,0.705,-0.626,0.197,-0.515,0.246,-0.607,0.215,-0.648,0.261,-0.624,0.2,69.1
384,0.31,0.668,-0.05,0.192,-0.259,0.244,-0.022,0.197,0.194,0.265,-0.039,0.189,186.522
385,0.351,0.652,-0.065,0.187,-0.025,0.243,0.004,0.201,0.004,0.243,-0.044,0.183,62.721
386,-0.92,0.682,0.444,0.191,0.452,0.246,0.513,0.199,0.228,0.265,0.451,0.197,50.956
387,1.187,0.686,-0.258,0.197,-0.562,0.257,-0.328,0.2,-0.679,0.271,-0.248,0.198,114.449
388,-2.597,0.666,0.749,0.187,0.674,0.25,0.709,0.196,0.766,0.24,0.762,0.181,60.501
389,-3.111,0.658,0.933,0.19,0.693,0.242,0.639,0.189,0.769,0.252,0.893,0.18,110.562
390,-1.123,0.659,0.177,0.188,0.38,0.24,0.168,0.194,0.4,0.257,0.222,0.189,80.885
391,0.834,0.675,-0.166,0.196,-0.034,0.245,-0.166,0.202,-0.699,0.252,-0.164,0.187,57.966
392,1.923,0.712,-0.581,0.203,-0.614,0.255,-0.448,0.197,-0.711,0.274,-0.56,0.196,62.881
393,-1.917,0.67,0.535,0.186,0.329,0.247,0.478,0.198,0.287,0.257,0.554,0.186,69.851
394,-1.275,0.68,0.206,0.194,0.334,0.243,0.214,0.201,-0.323,0.26,0.251,0.191,113.495
395,1.815,0.676,-0.359,0.19,-0.03,0.257,-0.381,0.194,0.074,0.266,-0.432,0.189,71.224
396,1.046,0.707,-0.191,0.202,-0.021,0.249,-0.32,0.199,-0.424,0.262,-0.258,0.198,81.657
397,1.106,0.671,-0.305,0.193,-0.543,0.236,-0.441,0.194,-0.165,0.253,-0.247,0.189,72.889
398,-1.612,0.718,0.561,0.207,0.625,0.258,0.57,0.209,0.776,0.261,0.517,0.196,46.747
399,2.015,0.675,-0.578,0.194,-0.769,0.254,-0.475,0.201,-0.389,0.257,-0.598,0.193,88.919
400,0.806,0.708,-0.138,0.201,-0.531,0.247,-0.151,0.21,0.102,0.276,-0.153,0.198,45.776
401,-2.171,0.704,0.476,0.197,0.279,0.252,0.398,0.205,0.305,0.263,0.551,0.195,80.888
402,0.405,0.636,0.057,0.182,0.101,0.246,-0.033,0.193,0.186,0.245,0.015,0.181,69.41
403,0.673,0.676,-0.188,0.188,-0.129,0.256,-0.203,0.191,-0.101,0.268,-0.119,0.19,48.716
404,-0.156,0.672,0.083,0.191,0.078,0.249,0.291,0.197,0.148,0.257,0.082,0.192,68.353
405,2.316,0.65,-0.708,0.188,-0.444,0.254,-0.874,0.194,-0.598,0.259,-0.661,0.181,134.514
406,-1.104,0.686,0.237,0.194,-0.157,0.245,0.271,0.197,-0.088,0.267,0.241,0.192,45.815
407,-0.956,0.676,0.199,0.195,-0.24,0.234,0.211,0.195,-0.099,0.271,0.179,0.188,67.385
408,-1.156,0.679,0.322,0.194,0.288,0.249,0.206,0.197,0.15,0.257,0.355,0.196,247.301
409,-1.783,0.669,0.551,0.187,0.644,0.24,0.622,0.2,0.784,0.253,0.531,0.19,80.914
410,0.917,0.671,-0.302,0.192,-0.649,0.257,-0.381,0.2,-0.446,0.254,-0.273,0.19,88.264
411,0.366,0.666,-0.347,0.191,-0.605,0.257,-0.275,0.195,-0.27,0.244,-0.252,0.188,91.433
412,0.038,0.67,-0.06,0.192,-0.062,0.249,-0.002,0.201,0.026,0.252,-0.018,0.189,61.8
413,0.054,0.678,0.135,0.195,-0.527,0.245,0.161,0.193,0.463,0.267,0.089,0.192,79.469
414,0.539,0.65,-0.136,0.188,-0.024,0.238,-0.332,0.195,-0.506,0.25,-0.124,0.181,68.988
415,-1.151,0.671,0.284,0.189,0.138,0.246,0.476,0.204,0.222,0.261,0.252,0.191,99.847
416,0.927,0.649,-0.121,0.189,-0.116,0.249,-0.208,0.189,-0.184,0.245,-0.093,0.185,50.447
417,-3.49,0.647,0.873,0.188,1.069,0.232,0.826,0.191,1.197,0.242,0.859,0.179,56.008
418,-0.961,0.688,0.194,0.197,0.085,0.247,0.251,0.203,0.456,0.261,0.158,0.194,81.695
419,-0.994,0.663,0.301,0.194,0.253,0.246,0.004,0.197,-0.028,0.257,0.315,0.188,58.236
420,1.542,0.712,-0.478,0.207,-0.855,0.259,-0.395,0.207,-0.536,0.252,-0.449,0.203,125.606
421,1.021,0.662,-0.345,0.186,-0.082,0.247,-0.22,0.198,-0.575,0.256,-0.345,0.186,71.803
422,0.202,0.693,-0.164,0.194,-0.564,0.25,0.003,0.21,-0.242,0.266,-0.193,0.196,54.447
423,-0.367,0.657,0.043,0.187,0.23,0.241,0.011,0.197,0.019,0.248,0.135,0.189,76.075
424,0.828,0.668,-0.242,0.191,0.246,0.247,-0.215,0.203,-0.252,0.256,-0.208,0.188,55.3
425,-1.232,0.672,0.443,0.188,0.211,0.258,0.366,0.202,0.283,0.26,0.404,0.185,72.021
426,1.936,0.679,-0.469,0.19,-0.632,0.249,-0.441,0.203,-0.477,0.262,-0.529,0.189,74.342
427,-0.435,0.71,0.063,0.205,-0.118,0.251,-0.056,0.207,-0.175,0.267,0.076,0.197,159.321
428,1.364,0.653,-0.395,0.187,-0.3,0.233,-0.575,0.199,-0.151,0.264,-0.375,0.184,105.627
429,1.778,0.65,-0.388,0.188,-0.356,0.241,-0.464,0.188,-0.598,0.252,-0.478,0.182,58.081
430,-1.294,0.659,0.06,0.19,-0.127,0.242,0.197,0.193,-0.07,0.25,0.083,0.187,46.014
431,-0.504,0.709,0.332,0.205,0.463,0.263,0.253,0.209,0.448,0.261,0.26,0.196,141.998
432,2.73,0.693,-0.795,0.194,-1.134,0.255,-0.838,0.201,-0.701,0.258,-0.786,0.187,170.44
433,-1.492,0.737,0.458,0.201,0.721,0.259,0.208,0.212,0.7,0.275,0.4,0.211,87.074
434,-0.183,0.67,0.058,0.195,0.126,0.24,-0.06,0.198,-0.382,0.249,0.02,0.186,88.153
435,-0.054,0.648,-0.034,0.186,0.144,0.242,-0.038,0.195,-0.419,0.247,-0.074,0.184,54.562
436,-0.85,0.66,0.332,0.191,0.532,0.251,0.223,0.199,-0.357,0.265,0.364,0.188,61.557
437,1.748,0.638,-0.404,0.184,-0.305,0.24,-0.539,0.191,-0.41,0.253,-0.352,0.185,80.738
438,-1.952,0.675,0.498,0.189,0.562,0.246,0.757,0.199,0.425,0.247,0.476,0.188,137.553
439,-0.127,0.682,-0.037,0.196,0.005,0.255,0.13,0.193,0.237,0.263,0.037,0.193,59.926
440,0.803,0.677,0.017,0.198,-0.156,0.258,-0.223,0.199,0.245,0.26,-0.09,0.193,65.134
441,1.304,0.695,-0.435,0.197,-0.494,0.252,-0.425,0.206,0.042,0.264,-0.394,0.194,93.744
442,-1.704,0.703,0.56,0.195,0.336,0.25,0.348,0.213,0.385,0.267,0.465,0.2,83.345
443,0.738,0.714,-0.186,0.208,-0.243,0.269,-0.273,0.21,-0.16,0.265,-0.148,0.202,61.819
444,-1.528,0.669,0.357,0.186,0.619,0.267,0.439,0.198,0.423,0.261,0.336,0.186,58.103
445,-0.301,0.64,0.065,0.187,-0.256,0.24,0.084,0.189,-0.054,0.256,0.054,0.181,54.381
446,-0.135,0.665,0.177,0.192,0.508,0.258,0.149,0.2,0.454,0.249,0.132,0.18,159.806
447,1.265,0.672,-0.409,0.2,-0.24,0.249,-0.332,0.2,-0.062,0.266,-0.343,0.193,134.861
448,0.189,0.712,0.064,0.2,-0.165,0.24,0.167,0.212,0.473,0.268,0.079,0.199,91.273
449,-3.353,0.691,0.873,0.196,0.912,0.25,0.855,0.205,1.013,0.265,0.828,0.194,84.303
450,3.086,0.669,-0.811,0.191,-0.596,0.26,-0.772,0.198,-0.854,0.255,-0.778,0.182,106.372
451,-1.177,0.685,0.239,0.196,0.039,0.26,0.29,0.203,0.36,0.256,0.177,0.194,83.173
452,0.069,0.694,-0.027,0.198,-0.211,0.254,-0.021,0.209,0.03,0.262,-0.084,0.191,62.31
453,-0.479,0.664,0.006,0.19,-0.341,0.252,0.056,0.195,-0.182,0.254,0.026,0.191,101.878
454,0.246,0.661,-0.208,0.191,-0.327,0.249,-0.389,0.198,-0.297,0.253,-0.135,0.184,96.097
455,-0.08,0.742,-0.043,0.21,0.299,0.269,-0.029,0.218,-0.087,0.263,-0.016,0.21,61.075
456,-0.193,0.687,0.111,0.2,-0.011,0.243,-0.136,0.202,-0.135,0.275,0.06,0.189,40.424
457,1.231,0.682,-0.5,0.192,-0.281,0.245,-0.4,0.201,-0.317,0.263,-0.457,0.191,84.492
458,-0.73,0.647,0.272,0.183,-0.057,0.245,0.246,0.192,0.45,0.251,0.262,0.184,87.491
459,0.363,0.662,-0.263,0.189,-0.238,0.238,-0.209,0.203,-0.196,0.253,-0.199,0.188,111.497
460,-1.286,0.696,0.409,0.198,-0.193,0.261,0.348,0.21,0.369,0.266,0.371,0.196,80.85
461,0.043,0.647,0.01,0.186,-0.303,0.248,-0.104,0.191,-0.057,0.248,0.028,0.187,80.581
462,1.125,0.681,-0.27,0.193,-0.602,0.247,-0.181,0.205,-0.644,0.261,-0.307,0.191,150.563
463,-1.022,0.676,0.311,0.191,0.084,0.238,0.338,0.196,0.491,0.268,0.299,0.186,83.648
464,-0.614,0.653,0.072,0.184,0.001,0.254,0.029,0.187,0.126,0.272,0.14,0.183,100.737
465,-0.431,0.651,0.128,0.186,-0.096,0.247,0.239,0.194,-0.159,0.258,0.121,0.188,74.124
466,-0.441,0.629,-0.001,0.18,-0.125,0.247,0.128,0.182,-0.264,0.252,0.026,0.177,62.458
467,2.077,0.642,-0.687,0.187,-0.769,0.248,-0.761,0.187,-0.97,0.253,-0.659,0.179,70.14
468,0.744,0.714,-0.229,0.203,-0.022,0.258,-0.136,0.208,-0.357,0.279,-0.264,0.206,57.095
469,-0.3,0.677,-0.025,0.191,-0.346,0.25,-0.326,0.198,-0.16,0.253,0.051,0.192,79.974
470,0.514,0.68,0.016,0.193,0.114,0.252,-0.084,0.205,-0.027,0.255,-0.036,0.191,50.054
471,1.402,0.68,-0.341,0.195,-0.863,0.251,-0.365,0.195,-0.597,0.255,-0.313,0.191,96.423
472,-0.332,0.708,-0.013,0.201,0.214,0.278,-0.008,0.206,0.302,0.269,-0.059,0.203,93.935
473,-0.769,0.681,0.151,0.192,0.143,0.261,0.064,0.202,-0.129,0.266,0.186,0.195,106.36
474,-1.459,0.682,0.405,0.193,0.336,0.252,0.299,0.197,0.345,0.263,0.396,0.192,79.069
475,1.437,0.686,-0.497,0.202,-0.731,0.25,-0.313,0.205,-0.666,0.266,-0.587,0.196,114.283
476,0.996,0.68,-0.268,0.198,-0.24,0.237,-0.307,0.197,-0.596,0.261,-0.275,0.19,48.9
477,1.086,0.688,-0.273,0.196,-0.317,0.249,-0.251,0.2,-0.486,0.26,-0.281,0.195,86.207
478,-0.628,0.682,0.235,0.193,0.274,0.253,0.195,0.199,0.25,0.255,0.201,0.19,112.1
479,-1.157,0.682,0.359,0.192,0.617,0.252,0.296,0.204,0.104,0.252,0.363,0.191,65.608
480,-1.352,0.674,0.404,0.19,0.145,0.247,0.298,0.201,0.124,0.25,0.406,0.192,128.769
481,-1.452,0.673,0.494,0.194,0.426,0.255,0.457,0.198,0.208,0.255,0.456,0.183,117.926
482,0.028,0.718,0.04,0.201,-0.006,0.256,-0.007,0.205,-0.244,0.26,0.008,0.202,99.265
483,-0.836,0.673,0.216,0.188,0.193,0.251,0.203,0.203,0.031,0.262,0.202,0.189,71.665
484,-1.561,0.656,0.419,0.187,0.227,0.233,0.531,0.187,0.455,0.259,0.439,0.18,68.095
485,0.563,0.668,-0.157,0.191,-0.465,0.265,-0.218,0.196,-0.263,0.255,-0.111,0.187,67.353
486,0.406,0.613,-0.043,0.185,-0.221,0.232,-0.04,0.183,0.376,0.243,-0.063,0.174,102.264
487,1.215,0.699,-0.255,0.201,-0.517,0.243,-0.256,0.203,-0.408,0.271,-0.267,0.2,83.957
488,-2.418,0.661,0.543,0.194,0.761,0.238,0.594,0.201,0.681,0.245,0.543,0.183,80.475
489,-2.217,0.703,0.587,0.205,0.873,0.264,0.683,0.205,0.886,0.265,0.591,0.198,68.615
490,-1.616,0.683,0.372,0.193,0.254,0.258,0.303,0.205,0.324,0.262,0.428,0.193,92.324
491,-1.685,0.709,0.714,0.2,0.068,0.252,0.57,0.21,0.351,0.245,0.645,0.196,74.306
492,1.361,0.629,-0.56,0.178,-0.875,0.243,-0.486,0.188,-0.042,0.254,-0.551,0.174,83.835
493,0.107,0.664,0.0,0.189,0.155,0.252,0.155,0.194,-0.037,0.262,-0.055,0.181,57.456
494,0.924,0.691,-0.218,0.194,-0.494,0.258,-0.304,0.202,0.138,0.267,-0.243,0.195,84.699
495,-1.288,0.683,0.449,0.197,0.6,0.249,0.405,0.202,0.248,0.257,0.384,0.189,85.694
496,-1.992,0.652,0.478,0.188,0.293,0.26,0.523,0.191,0.703,0.253,0.491,0.188,111.163
497,1.724,0.683,-0.365,0.195,-0.307,0.252,-0.527,0.2,-0.898,0.272,-0.367,0.193,99.866
498,3.066,0.66,-0.785,0.188,-0.849,0.255,-0.827,0.191,-0.616,0.257,-0.774,0.186,70.12
